<?xml version="1.0" encoding="UTF-8"?>
<project-private xmlns="http://www.netbeans.org/ns/project-private/1">
    <editor-bookmarks xmlns="http://www.netbeans.org/ns/editor-bookmarks/2" lastBookmarkId="0"/>
    <open-files xmlns="http://www.netbeans.org/ns/projectui-open-files/2">
        <group>
            <file>file:/C:/Users/Jay%20Patel/Desktop/FinalJavaProject/FinalJavaProject/src/finaljavaproject/Employee.java</file>
            <file>file:/C:/Users/Jay%20Patel/Desktop/FinalJavaProject/FinalJavaProject/src/finaljavaproject/Motorcycle.java</file>
            <file>file:/C:/Users/Jay%20Patel/Desktop/FinalJavaProject/FinalJavaProject/src/finaljavaproject/FinalJavaProject.java</file>
        </group>
    </open-files>
</project-private>
