<?xml version="1.0" encoding="UTF-8"?>
<project-private xmlns="http://www.netbeans.org/ns/project-private/1">
    <editor-bookmarks xmlns="http://www.netbeans.org/ns/editor-bookmarks/2" lastBookmarkId="0"/>
    <open-files xmlns="http://www.netbeans.org/ns/projectui-open-files/2">
        <group>
            <file>file:/Users/moxdroid/Documents/Education/Education/Lambton/F2017/MAD%203464%20Programming%20Java%20I/Class%20Code/Day%204%209th%20Nov/ArrayListExample/src/arraylistexample/Movie.java</file>
            <file>file:/Users/moxdroid/Documents/Education/Education/Lambton/F2017/MAD%203464%20Programming%20Java%20I/Class%20Code/Day%204%209th%20Nov/ArrayListExample/dist/README.TXT</file>
            <file>file:/Users/moxdroid/Documents/Education/Education/Lambton/F2017/MAD%203464%20Programming%20Java%20I/Class%20Code/Day%204%209th%20Nov/ArrayListExample/src/arraylistexample/ArrayListExample.java</file>
            <file>file:/Users/moxdroid/Documents/Education/Education/Lambton/F2017/MAD%203464%20Programming%20Java%20I/Class%20Code/Day%204%209th%20Nov/ArrayListExample/build.xml</file>
        </group>
    </open-files>
</project-private>
